{"cameraMode":{"drawMode":0,"name":"Shaded","section":"Shading Mode"},"sceneLighting":true,"audioPlay":false,"sceneViewState":{"showFog":true,"showMaterialUpdate":false,"showSkybox":true,"showFlares":true,"showImageEffects":true,"showParticleSystems":true,"showVisualEffectGraphs":true,"m_FxEnabled":true},"in2DMode":false,"pivot":{"x":0.0036163628101348879,"y":0.4994700849056244,"z":-0.017497777938842775},"rotation":{"x":0.0035566112492233516,"y":-0.9571964740753174,"z":0.28918543457984927,"w":0.011770682409405709},"size":1.0050694942474366,"orthographic":false}